演習,国際,批判,日本,鯨,食,捕鯨,問題,ドキュメンタリー,映画,鯨,人々,文献,参照,日本,伝統,食,文化,鯨,食,身近,人々,経験,調査,報告,討論
日本,古典,文化
データ,構造,化,組織,化,基本,演習,形式,習得
風景,場所,意味,現代,世界,風景,喪失,地理,学,理論,文学,作品,映画,分析,経験,考察
学芸,員,長年,守り,資料,モノ,市民,専門,職,博物館,概論,博物館,学,博物館,学芸,員,養成,課程,導入,博物館,使命,機能,学芸,員,仕事,神戸,市,近隣,博物館,歴史,特色,地域,博物館,理解,役割,意義
前半,言葉,様々,表現,技法,レトリック,形式,特徴,用法,表現,効果,英語,日本語,具体,例,分析,考察,修辞,学,基本,概念,豊か,言語,表現,可能,性,探究,後半,英語,日本語,様々,表現,具体,例,分析,英語,日本語,発想,法,論理,違い,比較,検討,英語,文章,理解,日本語,翻訳,際,問題,点,考察
国際,文化,学部,メディア,情報処理,国際,人間,科学,部,現代,IT,入門,情報,技術,Information,Technology,",",IT,我々,身の回り,産業,社会,様々,分野,急速,浸透,急速,発達,技術,我々,生活,変革,ここ,①,我々,日常,デジタル,情報,基本,構造,理解,②,最新,IT,トピック,理解,２つ,目標,最新,トピック,VR,IoT,予定,　(,A,テキスト,画像,デジタル,データ,紹介,VR,映像,最新,技術,　(,B,音声,世界,ビデオ,世界,IoT,現状,紹介
従来,政策,国民,国家,単位,検討,立案,一般,グローバル,化,進展,越境,課題,急増,一,国,単位,政策,実施,有効,性,低下,世界,各国,政策,実践,相互,参照,協調,自国,歴史,制度,背景,適合,政策,選択,本科,目,先進,諸国,共通,直面,政策,課題,それ,各国,対応,８,諸国,政策,実践,比較,検討,具体,財政,再建,通商,政策,産業,政策,地球,温暖,化,対策,地方,分権,移民,外国,人,対応,少子,高齢,化,格差,是正,犯罪,テロ,対策,教育,改革,都市,再生,雇用,政策,農業,食糧,政策,エネルギー,政策,男女,共同,参画,分野
占領,期,中心,戦後,歴史,認識,現在,社会,文化,際,時間,軸,直接的,淵源,戦後,問題,検討,現代,社会,多角,考察,力
占領,期,中心,戦後,歴史,認識,現在,社会,文化,際,時間,軸,直接的,淵源,戦後,問題,検討,現代,社会,多角,考察,力
英,米,文化,英語,世界,拡大,世界,浸透,グローバル,一方,容易,理解,文化,側面,授業,英,米,文化,粋,文学,作品,16,世紀,現代,概観
グローバル,問題,アフリカ,スタディズ
An,Examination,Japanese,cultural,traditions,perspective,Japanese,music,history
アメリカ合衆国,社会,文化,総合,受講,生,概要,議論,論点,設定,調査,発表,それ,クラス,全体,議論,形,授業,グループ,発表,ディスカッション,積極,参加,授業,アメリカ,特質,インターネット,文献,資料,調査,方法,歴史,研究,宗教,思想,研究,文学,映画,等,作品,研究,効果,プレゼンテーション,方法,材料,提示,みずから,積極,素材,感覚,科学,手法,両方,フル,現代,アメリカ,姿,解明
音,科学
演習,様々,社会,問題,解決,改善,ため,政策,立案,提言,トレーニング,大学,授業,社会,問題,過去,研究,思想,多く,時間,問い,正面,機会,結果,大学,時代,理想,社会,現実,まま,社会,人,生活,政治,社会,批判,自分,社会,一員,場合,行動,力,思考,力,身,理想,通り,世の中,本,中,理想,現実,様々,制約,中,どこ,自分,理想,実現,力,身,政策,型,思考,力,授業,毎週,グループ,個人,様々,社会,問題,政策,提言,プレゼンテーション,政策,立案,議論,実現,政策,型,思考,力,演習,講座,学年,積極,発言,議論,学生,歓迎,今期,７月,７,日,神戸大学,開催,関西,国際,関係,合同,ゼミナール,参加,合同,ゼミ,活動,積極,参加,その他,神戸大学,法学部,上智大学,外国,語,学部,ゼミ,研究,会,予定,講座,今期,私,演習,受講,方,歓迎
When,Japanese,people,engage,conversation,purpose,often,affirm,hierarchy,harmony,among,members,group,They,mainly,express,agreement,",",difference,opinion,usually,expressed,expressed,indirectly,subject,communication,often,less,important,maintaining,group,bonds,",",lower,status,members,group,careful,express,agreement,higher,status,There,rarely,extensive,communication,among,people,already,established,bonds,Most,conversation,West,less,restrained,In,many,situations,people,know,one,another,already,order,engage,conversation,People,naturally,attracted,others,similar,viewpoints,",",membership,groups,often,less,formal,Japan,",",people,established,group,order,converse,There,hierarchies,status,",",less,influence,conversations,Japan,In,situations,necessary,members,express,agreement,Harmony,depends,respectful,understanding,viewpoints,others,rather,agreement
言語,学,基本,概念,問題,知識,授業,様々,言語,例,自ら,言語,分析,言語,前半,言語,学,既存,枠組み,柔軟,後半,言語,現象,注目,メカニズム
日本,近代,戦争,文化,問題,/「,戦争,文化,問題,歴史,分析,考察
情報,技術,人々,デザイン,社会,浸透,情報,技術,デザイン,人,人,コミュニケーション,あり方,未来,社会,環境,デザイン,演習,情報,分野,最先端,研究,成果,それぞれ,研究,者,来社,会
情報,技術,人々,デザイン,社会,浸透,情報,技術,デザイン,人,人,コミュニケーション,あり方,未来,社会,環境,デザイン,演習,情報,分野,最先端,研究,成果,それぞれ,研究,者,来社,会
イタリア,文化,概観,基礎,イタリア,語
グローバル,問題,アフリカ,スタディズ
Through,course,",",students,develop,abilities,communicate,English,various,topics,students,get,easily,interested
講義,ここ,数,年間,神戸大学,大学院,国際,文化,学,研究,科,前身,総合,人間,科学,研究,科,修了,博士,号,授与,複数,研究,者,オムニバス,形式,講義,各回,担当,者,それぞれ,先端,研究,プロジェクト,背景,成果,意義,紹介
民族,誌,事実,紹介,文化,人類,学,歴史,地球,民族,くらし,多様,性,理解,目標
政治,現象,一致,相違,政治,制度,結果,複数,国家,地域,時代,政治,現象,認識,現象,要因,現象,影響,考察,目標,比較,政治,社会,論,A,国内,政治,構成,中心,アクター,制度,焦点,これ,理論,成果,検討,目標,比較,政治,社会,論,B,現代,国家,2,次,大戦,以後,直面,政治,経済,課題,対応,比較,福祉,国家,論,グローバル,化,政治,体制,経済,成長,民主,化,視点,比較,考察
授業,モンゴル,現代,史,一,クォーター,清,王朝,治下,モンゴル,独立,運動,発生,歴史,状況,二,クォーター,モンゴル,独立,その後,苦悩
topic,class,Second,Language,Phonology,-,words,",",humans,learn,pronunciation,second,language,L,2,).,We,cover,four,topics,:,1,vowels,",",2,consonants,like,T,S,",",3,consonants,like,L,R,",",4,idea,syllable,",",example,",",foreign,words,Japanese,extra,vowels,e,g,English,text,vs,Japanese,tekIsUtO,).
授業,モンゴル,現代,史,一,クォーター,清,王朝,治下,モンゴル,独立,運動,発生,歴史,状況,二,クォーター,モンゴル,独立,その後,苦悩
Language,part,culture,",",consists,much,putting,words,sentences,Culture,determines,habits,mind,",",people,interact,",",kinds,things,talk,talk,",",talk,Implicit,TOEFL,test,cultural,bias,people,write,tests,determine,graded,minds,trained,Western,culture,This,means,",",whether,thinking,",",looking,analysis,answers,conform,kind,Aristotelian,logic,simpler,modern,form,known,critical,thinking,This,course,provide,strategies,analyzing,lectures,texts,understanding,speakers,intentions,conversation

授業,現代,モンゴル,語,入門
後期,月曜,４,時限,演習,主,３,回生,対象,個人,研究,報告,卒論,研究,準備,レポート,作成,指導,演習,7,アメリカ,イギリス,フランス,ドイツ,イタリア,カナダ,日本,諸国,比較,政治,社会,学,考察,メイン,１,．,Ｇ,８,諸国,国際,政治,経済,２,．,Ｇ,８,諸国,政治,経済,社会,問題,３,比較,外交,政策,４,大衆,消費,文化,テレビ,映画,音楽,反映,政治,経済,社会,問題,カバー,講座,学年,意欲,皆さん,積極,受講,歓迎
aim,seminar,explore,ongoing,social,cultural,dimensions,Europeanization,process,concept,European,identity,analyzed,",",observing,institutional,ideas,projects,",",social,cultural,practices,In,first,part,",",focus,official,discourses,regarding,idea,political,project,Europe,",",issues,European,identity,cultural,policies,",",dissonant,experimental,identities,emerged,Maastricht,In,second,part,",",analysis,expression,European,Identity,",",experienced,subjects,",",carried,",",taking,advantage,biographical,approach,sociology,Through,life,stories,real,European,inhabitants,–,belonging,different,social,categories,:,students,",",workers,",",activists,",",farmers,",",mixed,origin,people,",",etc,–,get,bottom,-,understanding,European,means
言語,コミュニケーション,心理,学,コミュニケーション,私,たち,身近,題材,私,たち,自身,日々,体感,言葉,話し方,視線,方,身体,向き,動き,方,言語,要素,統制,環境,実験,室,実験,フィールド,参与,観察,定性的,定量,手法,授業,心理,学,実証,方法,論,重点,言語,コミュニケーション,理論,方法,ジェスチャー,顔,表情,視線,向き,等,言語,コミュニケーション,構成,要素,さまざま,各々,要素,それ,単体,授業,後半,複雑,様相,人間,時々刻々,相互,行為,総体,マルチモーダルインタラクション,漫才,ラジオ,音楽,パフォーミングアート,等,現実,マルチモーダルインタラクション,それら,実例,ロボット,コミュニケーション,高齢,者,世代,間,インタラクション,等,今日,問題
後期,月曜,４,時限,演習,主,３,回生,対象,個人,研究,報告,卒論,研究,準備,レポート,作成,指導,演習,7,アメリカ,イギリス,フランス,ドイツ,イタリア,カナダ,日本,諸国,比較,政治,社会,学,考察,メイン,１,．,Ｇ,８,諸国,国際,政治,経済,２,．,Ｇ,８,諸国,政治,経済,社会,問題,３,比較,外交,政策,４,大衆,消費,文化,テレビ,映画,音楽,反映,政治,経済,社会,問題,カバー,講座,学年,意欲,皆さん,積極,受講,歓迎
情報,科学,演習,１,延長,情報処理,技術,演習,演習,WWW,システム,利用,実習,ホームページ,記述,言語,HTML,言語,書き方,画像,取り込み,理解,ホームページ,情報,発信,方法,実習,必要,情報,検索,取得,情報,正確,さ,判断,ため,演習
年度,演習,文化,人類,学,20,理論,講読,人類,学,理論
国際,文化,学部,情報,科学,演習,I,国際,人間,科学,部,情報,リテラシー,演習,1,",",2,国際,文化,学部,情報,教育,自在,コンピュータ,学生,育成,授業,コンピュータ,基本,情報,技術,活用,手法,オンライン,コミュニケーション,ワードプロセッサ,計算,具体,活用,方法,演習,マスター,プレゼンテーション,自ら,情報,発信
In,course,",",students,participate,variety,speaking,activities,develop,fluency,vocabulary,various,themes,Listening,reading,materials,come,Internet,",",giving,students,good,opportunity,experience,authentic,",",international,English
文化,人類,学,基本,理論,概念,習得,目標,開発,観光,紛争,現代,文化,理解,ため,基本,視座
コンピュータ,室,プログラム,作成,実習,プログラミング,基礎,概念,習得,身近,アプリケーション,拡張,連携,プログラム,作成,実習,プログラミング,理解
日常,生活,留学,ため,ドイツ,語,コミュニケーション,能力,身,ため,授業,日常,場面,大学,授業,等,場面,ドイツ,語
国民,国家,何
Theme,:,Introduction,Phonetics
授業,19,世紀,20,世紀,フランス,彫刻,作品,考察,対象,趣味,歴史,概観,彫刻,家具,一部,浮き彫り,建築,装飾,記念,碑,さまざま,作品,形態,作品,様式,変化,芸術,装飾,建築,交差,視座,私的,空間,空,空間,モード,移り変わり,理解
年度,講義,先住民,私,たち,現代,世界,特質,浮き彫り,目的
芸能,ポリティクス,授業,具体,事例,日本,本土,宮廷,芸能,雅楽,沖縄,宮廷,芸能,両者,歴史,社会,音楽,芸能,影響,比較,視点,分析
私,たち,現在,文化,均質,国民,ネイション,一つ,領域,国家,形成,個々,国民,国家,同等,地位,国際,システム,中,近年,ナショナリズム,力,高まり,西欧,近代,特徴,システム,形成,私,たち,何,講義,国民,国家,形成,拡大,プロセス,ヨーロッパ,東,周縁,部,外延,部
topic,class,intonation,-,people,make,voice,high,low,pitch,communicate,meaning,language,We,discuss,topic,perspective,Phonetics,Phonology,During,class,",",learn,set,symbols,help,write,intonation,sentence,Tokyo,Japanese,For,example,",",short,sentence,like,ikimashita,"(""",I,went,"""),",describe,intonation,%,L,H,-,H,*+,L,L,%.)
topic,class,intonation,-,people,make,voice,high,low,pitch,communicate,meaning,language,We,discuss,topic,perspective,Phonetics,Phonology,During,class,",",learn,set,symbols,help,write,intonation,sentence,Tokyo,Japanese,For,example,",",short,sentence,like,ikimashita,"(""",I,went,"""),",describe,intonation,%,L,H,-,H,*+,L,L,%.)
国民,国家,何

授業,次,日常,コミュニケーション,練習,-　,簡単,作文,-　,ペア,会話,練習,-　,語彙,文法,習得,-　,フランス,映画,紹介
This,class,explores,contemporary,musical,activities,light,participation,.’,Textbook,:,Thomas,Turino,",",Music,social,life,:,politics,participation,University,Chicago,Press,",",2008,).
西洋,美術,史,入門
現在,WWW,多く,ページ,内容,表示,利用,者,要求,ダイナミック,表示,内容,表示,検索,サイト,利用,者,入力,キーワード,対応,結果,表示,掲示板,チャット,用,サイト,利用,者,投稿,即座,Web,ページ,反映,授業,アンケート,回答,者,データ,処理,結果,表示,演習,Web,アプリケーション,仕組み,学習,ページ,プログラミング,作成,目標
ナショナリズム,何,学期,人々,移民,排斥,同化,グローバル・ジャスティス,重大,問題,前提,問題,ナショナリズム,何,再考,教科書,ベネディクト・アンダーソン,定本,想像,共同,体,ナショナリズム,起源,流行,』(,書籍,工房,早,山,ナショナリズム,国民,国家,論,現代,古典,ネーション,形成,変遷,メディア,言語,歴史,意識,愛国心,意義,豊富,事例,駆使,国際,文化,学部,学生,必須,文献
授業,次,日常,コミュニケーション,練習,-　,簡単,作文,-　,ペア,会話,練習,-　,語彙,文法,習得,-　,フランス,映画,紹介
明治,以降,日本,短編,小説,いくつ,英語,訳,原典,比較,本来,同一,作品,はず,両者,表現,印象,主題,理由
ヴィトゲンシュタイン,語,意味,語,使用,考え,端,語,用,論,発話,行為,論,会話,分析,概説,英語,学,中心,語,用,論,立場,基礎,言語,コミュニケーション,機能,以下,主,論点,1,発話,文,コミュニケーション,機能,何,すべて,発話,真偽,判定,可能,2,オースティン,発話,行為,論,発話,意味,3,グライス,協調,原則,スペル,ベル,ウィルソン,関連,性,理論,4,発話,意味,聞き手,プロセス,推論,理解,5,会話,ポライトネス,何,コミュニケーション,中,役割
天皇,観,日本,思想
情報,検索,概観,メカニズム,理解,基本,演習
情報,検索,概観,メカニズム,理解,基本,演習
授業,次,日常,コミュニケーション,練習,-　,簡単,作文,-　,ペア,会話,練習,-　,語彙,文法,習得,-　,フランス,映画,紹介
授業,絵画,中心,視覚,イメージ,西洋,近代,歴史,社会,文化,特性,考察
アメリカ合衆国,世界,影響,力,今,圧倒的,一方,グローバル,化,世界,経済,なか,合衆国,対外,パワー,確実,低下,傾向,ヒスパニック,人口,増加,象徴,国内,社会,状況,着実,変化,講義,さまざま,アメリカ合衆国,政治,外交,経済,社会,文化,思想,過去,現在,未来,時間,軸,なか
国際,関係,論,基本,視座,獲得,ため,前半,EU,研究,後半,移民,研究,焦点,報告,議論
授業,文化,間,コミュニケーション,翻訳
言論,文化,わかりやすさ,批判
ポピュリズム,現象,ポピュリズム,現象,類似,点,相違,点,ポピュリズム,現象,実態,それ,原因,ポピュリズム,現象,問題,考察,デモクラシー,現状,問題,点,考察,目標
モダニティ,——,社会,哲学,アプローチ,演習,思想,英文,テクスト,精密,トレーニング,さい,モダニティ,何,問い,自由,個人,市場,経済,主権,国家,民主,主義,前提,近代,社会,実態,様々,矛盾,逆説,それ,演習,現代,人間,社会,特質,問題,点,原理,理論,レヴェル,英文,テクスト,手がかり,検討
二,言語,習得,論,一,言語,母語,言語,二,言語,外国,語,私,たち,過程,習得,学習,学習,習得,要因,授業,二,言語,習得,論,成立,背景,二,言語,習得,代表,理論,概観,英語,外国,語,二,言語,人,たち,英語,習得,際,関係,言語,学,認知,心理,学,要因,英語,習得,プロセス
国際,関係,基本,枠組み,歴史,大枠,基礎,理論,現代,国際,関係,主要,課題,理解,視座,文化,視点,地域,EU,欧州,連合,軸,足,講義,EUIJ,科目
キリスト,教,受容,民族,社会,共同,体,アイデンティティ,構成,強力,要素,特徴,文化,創造,パレスチナ,民族,宗教,ヨーロッパ,イギリス,アメリカ,強大,国家,社会,維持,規範,文化,成長,それ,グローバリゼーション,流れ,なか,普遍,価値,文化,講義,前半,後半,前半,イギリス,文化,基本,要素,キリスト,教,文化,形成,特色,考察,後半,前半,内容,現代,イギリス,アメリカ,文化,基本,要素,キリスト教,文化,特徴,理解,国民,国家,宗教,キリスト,教,世俗,化,様々,価値,緊張,関係,考察
現代,アート,基本,問題,テキスト,討議,トピック,ポップアート,ミニマリズム,写真,フェミニズム,建築,社会,アート
2,年,次,後期,3,年,次,後期,開講,一連,専門,演習,B,1,)-(,3,コミュニケーション,社会,経済,現実,現象,分析,ため,手法,3,年,次,後期,専門,演習,B,3,これら,分析,手法,背景,高度,コンピューティング,技術
2,年,次,後期,3,年,次,後期,開講,一連,専門,演習,B,1,)-(,3,コミュニケーション,社会,経済,現実,現象,分析,ため,手法,3,年,次,後期,専門,演習,B,3,これら,分析,手法,背景,高度,コンピューティング,技術
現代,アート,基本,問題,テキスト,討議,トピック,ポップアート,ミニマリズム,写真,フェミニズム,建築,社会,アート
ポピュリズム,現象,ポピュリズム,現象,類似,点,相違,点,ポピュリズム,現象,実態,それ,原因,ポピュリズム,現象,問題,考察,デモクラシー,現状,問題,点,考察,目標
社会,問題,アート,:,アート,さまざま,社会,問題,理解,解決,入口,それら,問題,直視,カモフラージュ,道具
演習,演習,担当,者,指定,英語,文献,基礎,資料,受講,生,英語,文献,適切,読解,分析,能力,英語,プレゼンテーション,議論,能力,目的,受講,生,自身,関連,資料,収集,分析,自分,自身,意見,提示,研究,うえ,必要,基礎,能力,向上,演習,目的
言語,文化,正面,翻訳,作業,現場,越境,文化,何,最適,フィールド,ひとつ,数,語,英語,テキスト,前,それ,日本語,とき,翻訳,者,武器,戦略,用意,辞書,ウェブ,リソース,道具,レベル,文化,翻訳,高度,理念,具体,例,解説,概観
社会,問題,アート,:,アート,さまざま,社会,問題,理解,解決,入口,それら,問題,直視,カモフラージュ,道具
ultimate,goal,course,improve,students,abilities,write,English,manner,appropriate,academic,discourse,A,critical,aspect,course,students,read,summarize,information,various,sources,objective,manner,provide,thoughtful,opinions,logically,organized,reasoned,manner,English
れん,しゅう,コミュニケーション,基本,会話,能力,口頭,発表,能力,向上
グローバル,化,国際,化,加速度,進展,地球,すべて,社会,文化,環境,変化,それ,文化,人類,学,知,体系,構築,現代,実践,問題,積極,授業,世界,文化,社会,多様,性,親族,儀礼,ほか,開発,観光,紛争,現代
日本,かわり,国,地域,神戸,かわり,都市,歴史,紹介,議論
文学,建築,映画,文化,政治,社会,思想,影響,中世,主義,Medievalism,思想,英語,テクスト
文化,コミュニケーション,広義,翻訳,行為
インターネット,携帯,電話,デジタル,放送,日頃,我々,利用,情報,通信,システム,仕組み,概説,授業,パソコン,インターネット,情報,検索,課題,解決,各自,知識,状態,自分,知識
インターネット,携帯,電話,デジタル,放送,日頃,我々,利用,情報,通信,システム,仕組み,概説,授業,パソコン,インターネット,情報,検索,課題,解決,各自,知識,状態,自分,知識
日常,生活,留学,ため,ドイツ,語,コミュニケーション,能力,身,ため,授業,日常,場面,大学,授業,等,場面,ドイツ,語
フランス語,テキスト,読解,フランス語,音読,読解,語彙,力,フランス,社会,文化,風習,理解,日,仏,両国,比較,グローバル,視点,日本,文化
様々,データ,情報,収集,加工,蓄積,資料,構成,ため,必要,知識,習得,目的,文系,学生,対象,ため,あまり,必要,論理,知識,2,回,集合,論,入門,解説,教授,数学,知識,要求
グローバル,化,進展,様々,現代,課題,民族,史,研究,媒介,文化,人類,学,社会,貢献,現代,課題,取り組み,分野,公共,人類,学,視点,方法
国際,文化,学,課題,整理,うえ,国際,歴史,視点,日本,学,関係,文献,議論,学年,学部,学生,参加,歓迎
演習,先端,社会,論,分野,具体,内容,今後,専門,学習,基礎,固め,目的
芸術,文化,政策,理論,課題,各種,文献,講読,根本,討議
近代,東アジア,日,中,関係
日常,生活,留学,ため,ドイツ,語,コミュニケーション,能力,身,ため,授業,日常,場面,大学,授業,等,場面,ドイツ,語
言語,産出,理解,神経,学,基盤,調査,方法,概観,失語症,中心,様々,言語,コミュニケーション,障害,生理,メカニズム,脳,内,過程,処理,解説
国際,文化,学,課題,整理,うえ,国際,歴史,視点,日本,学,関係,文献,議論,学年,学部,学生,参加,歓迎
芸術,文化,政策,理論,課題,各種,文献,講読,根本,討議
モダニティ,——,社会,思想,史,アプローチ,演習,モダニティ,何,問い,自由,個人,市場,経済,主権,国家,民主,主義,前提,近代,社会,実態,様々,矛盾,逆説,それ,演習,現代,人間,社会,特質,問題,点,原理,理論,テクスト,手がかり,検討,抽象,度,思想,テクスト,丁寧,古典,講読,スタイル,演習,具体,文献,開講,時,決定,ウェーバー,ジンメル,ら,社会,理論,シュミット,アーレント,ら,政治,哲学,Th,アドルノ,フーコー,ら,はじめ,20,世紀,現代,思想,それ,以後,動向,反映,近年,哲学,社会,思想,等々,広汎,理論,テクスト,群,重要,適切,予定
モダニティ,——,社会,思想,史,アプローチ,演習,モダニティ,何,問い,自由,個人,市場,経済,主権,国家,民主,主義,前提,近代,社会,実態,様々,矛盾,逆説,それ,演習,現代,人間,社会,特質,問題,点,原理,理論,テクスト,手がかり,検討,抽象,度,思想,テクスト,丁寧,古典,講読,スタイル,演習,具体,文献,開講,時,決定,ウェーバー,ジンメル,ら,社会,理論,シュミット,アーレント,ら,政治,哲学,Th,アドルノ,フーコー,ら,はじめ,20,世紀,現代,思想,それ,以後,動向,反映,近年,哲学,社会,思想,等々,広汎,理論,テクスト,群,重要,適切,予定
芸術,文化,政策,理論,課題,各種,文献,講読,根本,討議
国際,文化,学,課題,整理,うえ,国際,歴史,視点,日本,学,関係,文献,議論,学年,学部,学生,参加,歓迎
情報,機器,様々,形,私,たち,生活,今日,社会,活動,維持,コンピュータ,はじめ,情報,機器,利用,講義,国際,文化,学部,学生,コンピュータ,必要,様々,基本,知識,紹介
ロシア,語,会話,初級,用,授業
日常,生活,留学,ため,ドイツ,語,コミュニケーション,能力,身,ため,授業,日常,場面,大学,授業,等,場面,ドイツ,語
フランス語,文献,購読,プレゼンテーション,ディスカッション,EU,ヨーロッパ,連合,フランス,政治,社会,理解
身振り,表情,視線,姿勢,他者,距離,情報,とき,言葉,的確,人,こころ,状態,動き,授業,人間,それら,情報,認識,認知,心理,学,脳,科学,知見,紹介,議論
フランス語,圏,芸術,文化
東アジア,国際,関係,史,ロシア,対外,政策,日,露,関係,中心,講義,一,江戸,時代,20,世紀,日,露,両国,相互,イメージ,日,露,関係,重要,問題,考察,二,朝鮮半島,中国,欧米,諸国,要素,国際,関係,枠組,分析,三,日,露,文化,交流,人的,交流,日,露,経済,関係,検討,日,露,関係,多面,構造,解説,最後,視聴覚,メディア,地図,絵画,映像,日,露,両国,相互,イメージ,過去,現在,紹介
モダニティ,——,社会,思想,史,アプローチ,演習,モダニティ,何,問い,自由,個人,市場,経済,主権,国家,民主,主義,前提,近代,社会,実態,様々,矛盾,逆説,それ,演習,現代,人間,社会,特質,問題,点,原理,理論,テクスト,手がかり,検討,抽象,度,思想,テクスト,丁寧,古典,講読,スタイル,演習,具体,文献,開講,時,決定,ウェーバー,ジンメル,ら,社会,理論,シュミット,アーレント,ら,政治,哲学,フーコー,ネグリ,ら,はじめ,20,世紀,現代,思想,それ,以後,動向,反映,近年,哲学,社会,思想,等々,広汎,理論,テクスト,群,重要,適切,予定
身の回り,言語,情報,社会,関係,社会,言語,学,基礎
モダニティ,——,社会,思想,史,アプローチ,演習,モダニティ,何,問い,自由,個人,市場,経済,主権,国家,民主,主義,前提,近代,社会,実態,様々,矛盾,逆説,それ,演習,現代,人間,社会,特質,問題,点,原理,理論,テクスト,手がかり,検討,抽象,度,思想,テクスト,丁寧,古典,講読,スタイル,演習,具体,文献,開講,時,決定,ウェーバー,ジンメル,ら,社会,理論,シュミット,アーレント,ら,政治,哲学,フーコー,ネグリ,ら,はじめ,20,世紀,現代,思想,それ,以後,動向,反映,近年,哲学,社会,思想,等々,広汎,理論,テクスト,群,重要,適切,予定
一般,宗教,文化,構成,一,要素,宗教,文化,自体,形成,エネルギー,源,考え方,授業,基本,後者,立場,採用,授業,参加,者,宗教,信仰,創造,文化,枠組,中,具体,ヨーロッパ,アメリカ,事象,宗教,観点,分析,手法,身,目標
ロシア,語,会話,初級,用,授業
映画,学,いくつ,トピック,関連,論文,具体,映像,分析,議論,トピック,初回,時,検討
近代,社会,理論
Social,Global,Justice,This,year,",",class,address,theme,Social,Global,Justice,""",",much,broader,Environmental,Ethics,",""",required,consider,environmental,issues,context,much,broader,social,problems,increasingly,globalized,world,Since,1970,",",long,lively,controversies,method,process,distribute,benefits,social,cooperation,also,economic,social,burdens,created,society,In,addition,",",particularly,two,decades,",",social,inequalities,within,society,",",also,political,socioeconomic,inequalities,societies,received,much,attention,classroom,language,English,",",lecturer,welcome,students,want,read,actively,discuss,one,interesting,books,social,global,justice
文化,背景,人々,安心,社会,構想,ヨーロッパ,諸国,他国,先行,様々,取り組み,講義,ドイツ,中心,移民,社会,統合,現状,移民,政策,展開,移民,政策,政治,力学,移民,社会,統合,福祉,国家,関係,考察
現代,ヨーロッパ,文化,基層,古代,ローマ,文化,焦点,特質
EU,域内,政治,対外,関係,国際,関係,論,観点,理解,グループ,ワーク,調査,報告,全体,議論,移民,難民,問題,重要,柱
情報,通信,技術,ICT,発展,近年,文字,音声,静止,画像,動画,像,さまざま,メディア,デジタル,化,マルチメディア,言葉,表現,コンピュータ,統合,それら,インターネット,代表,コンピュータネットワーク,伝達,可能,わたし,たち,日常,生活,技術,享受,今日,博物館,来館,者,情報,提供,点,技術,活用,ため,さまざま,取り組み,技術,博物館,活用,ため,技術,内容,あり方,可能,性,問題,点,把握,現場,それ,技能,必要,授業,博物館,情報,通信,技術,基本,知識,実践,知識,習得,目的
ultimate,goal,course,improve,students,abilities,communicate,English,real,world,situations,topics,personal,interest
韓国,語,基本,身,韓国,文化,慣習,興味,興味,自身,リサーチ
ラテン語,文法,概略,前半,これ,ラテン語,簡単,文章,力
演習,英語,文献,多読,内容,活発,議論,履修,者,アカデミック,スキル,向上,都市,社会,学,カルチュラル・スタディーズ,領域,近年,発表,研究,書,論文,グローバル,都市,文化,状況,社会,分断,食,観点,考察,リーディング,テキスト,使用
授業,ファシズム,表象,イメージ,関係,ファシズム,政治,民衆,政治,動員,芸術,映画,利用,授業,前半,日本,天皇,制,ファシズム,場合,後半,ドイツ,ナチズム,場合,それぞれ,ファシズム,政治,美学,化
ジェンダー,概念,理論,それら,現実,学修
国際,文化,学部,専門,演習,A,情報,)」,国際,人間,科学,部,グローバル,コミュニケーション,基礎,演習,C,",",D,グローバル,コミュニケーション,基礎,演習,情報,コミュニケーション,分野,演習,C,:　,現在,我々,周り,コンピュータ,パソコン,スマホ・タブレット,家電,コンピュータ,これら,システム,一つ,基本,ソフトウェア,オペレーティングシステム,",",OS,)、,UNIX,派生,世紀,前,誕生,システム,大元,現在,UNIX,システム,自身,健在,神戸大学,iMac,UNIX,動作,授業,UNIX,システム,使い方,アプリ,コンピュータ,裏側,D,:　,データ,構造,化,組織,化,大量,データ,整理,資料,構成,データ,効率,運用,体験,SQL,問合せ,PostgreSQL,操作,演習
韓国,語,基礎,韓国,語,書,身,自己,学習,上達,可能
前期,ラテン語,文法,これ,複雑,ラテン,文,辞書,頼り,力
中国,全体,像,把握,成長,混乱,中国,総合,理解
情報,環境,論,コミュニケーション,社会,経済,現実,現象,分析,ため,手法,基礎,知識,実践,手法
劇場,ホール,ミュージアム,芸術,文化,環境,文化,政策,必要,性,歴史,生成,理論,基礎,国際,比較,日本,文化,政策,課題,展望
移動,文化,ゆらぎ,グローカル,化,移動,移民,移住,越境,定着,/,現地,化,トランス,ナショナル,ネットワーク,ディアスポラ,流動,性,文化,言語,宗教,共生,模索,ハイブリディティ,異種,混交,クレオール,化,錯綜,側面,焦点
移動,文化,ゆらぎ,グローカル,化,移動,移民,移住,越境,定着,/,現地,化,トランス,ナショナル,ネットワーク,ディアスポラ,流動,性,文化,言語,宗教,共生,模索,ハイブリディティ,異種,混交,クレオール,化,錯綜,側面,焦点
スヘ,゚,イン,語,初級,文法,習得,説法,現在,形,項目,゙,学,゙ます
貧困,共有,事態,人類,歴史,共同,性,基礎,近代,後,個人,化,過程,貧困,忘却,進展,現代,私,たち,自己,認識,社会,帰結,授業,さ,私,キーワード,現代,時,空間,認識
古典,受容
周辺,中国,民族,国家,視点,現在,中国,問題,体系,説明,具体,周縁,共通,地理,社会,特徴,中国,南部,地域,ムスリム,社会,疆,ウイグル,族,社会,香港,ムスリム,社会,台湾,ムスリム,社会,台湾,原住民,社会,中国,その他,社会,周辺,重層,位置,共同,体,社会,実例,文化,宗教,宗族,公共,地域,社会,民族,国家,認識,反応,周縁,性,感性,方,方,変容,歴史,動態,把握,彼ら,実生活,周縁,性,意味,なに,彼ら,それぞれ,対応,政治,文化,社会,政治,原因,なに,周縁,性,問題,規則,性,抽出,周縁,性,社会,意義,思想,価値,人文,社会,科学,研究,ツール,可能,性,検証
現在,コーヒー,フード,システム,基礎,主要,コーヒー,生産,国,消費,国,集中,環,大西洋,地域,ヨーロッパ,南北,アメリカ,アフリカ,諸国,絶え間,相互,影響,それぞれ,個性,コーヒー,文化,講義,トランス,ナショナル,視点,複雑,歴史,相互,関係
スヘ,゚,イン,語,初級,文法,習得,説法,点,過去,接続,法,現在,命令,文,項目,゙を,学,゙ます
EU,域内,政治,対外,関係,国際,関係,論,観点,理解,グループ,ワーク,調査,報告,全体,議論,移民,難民,問題,重要,柱
ゲーム,マルチメディア,環境,Web,サーバ,ブラウザ,ブラウザ,Web,ページ,様々,エンターテイメント,プラットホーム,ここ,ブラウザ,動的,操作,可能,規格,html,5,Web,ページ,作成,上級,編,解説,サーバ,側,通信,仕組み,解説,複雑,通信,Web,ページ,構築,仕組,習熟,スマ,ホ,タブレット,アプリ,開発,移行,時間,余裕,チャレンジ
社会,学,史,英語,学術,書,論文,日本語,英語,文献,スキル,社会,学,見方,身,日本語,社会,認識
博物館,美術館,歴史,博物館,民族,資料,館,人文,科学,館,水族館,動物,園,自然,博物館,非常,多く,種類,美術館,アート,マネジメント,美術館,マーケッティング,研究,未来,美術館,経営,論,レポート,提出
ゲーム,マルチメディア,環境,Web,サーバ,ブラウザ,ブラウザ,Web,ページ,様々,エンターテイメント,プラットホーム,ここ,ブラウザ,動的,操作,可能,規格,html,5,Web,ページ,作成,上級,編,解説,サーバ,側,通信,仕組み,解説,複雑,通信,Web,ページ,構築,仕組,習熟,スマ,ホ,タブレット,アプリ,開発,移行,時間,余裕,チャレンジ
科目,国際,人間,科学,部,科目,ＩＴ,コミュニケーション,デザイン,A,科目,従来,プログラミング,基礎,内容,プログラミング,基礎,相当,内容,人,履修,注意,項目,参照,社会,大小,さまざま,問題,努力,教育,解決,人,ミス,能力,限界,性格,文化,多様,性,人,さ,多様,性,障壁,緩和,道具,環境,デザイン,発想,問題,解決,鍵,情報,技術,デザイン,実装,うえ,IT,コミュニケーション,デザイン,情報,技術,利用,コミュニケーション,デザイン,実例,デザイン,問題,解決,学習
現代,政治,思想,フロンティア,——〈,暴力,グローバル,化,加速度,テロ,難民,問題,浮上,現在,自由,民主,主義,主権,国家,近代,政治,概念,根底,これら,概念,自明,前提,近代,政治,パラダイム,曲がり角,わけ,それ,講義,近代,政治,基本,概念,原理,レヴェル,現代,社会,理論,政治,理論,フロンティア,どこ,一連,作業,デモクラシー,方向,性,今日,批判,社会,理論,可能,性,思考
物語,アダプテーション
現代,日本,ジェンダー,セクシュアリティ
演習,テキスト,形,英語,仮定,法,様々,用法,考察,英語,仮定,法,条件,節,様々,脈絡,中,多様,用法,それら,用法,考察,仮定,法,本質
演習,テキスト,形,英語,仮定,法,様々,用法,考察,英語,仮定,法,条件,節,様々,脈絡,中,多様,用法,それら,用法,考察,仮定,法,本質
現代,日本,ジェンダー,セクシュアリティ
Theme,:,Stereotype,reconsidered,class,aims,go,back,one,basics,think,politics,culture,prejudice,discrimination,particular,reference,media,environment,:,stereotype,class,also,designed,develop,understanding,significance,stereotype,reference,socially,controversial,contemporary,issues
環太平洋,地域,中,要,位置,東南アジア,島嶼,部,歴史,様々,タイプ,国家,形成,諸相,注目
2,年,次,後期,3,年,次,後期,開講,一連,専門,演習,B,1,)-(,3,コミュニケーション,社会,経済,現実,現象,分析,ため,手法,3,年,次,前期,専門,演習,B,2,コンピュータ,利用,データ,分析,方法
授業,歴史,環境,問題,等,意味,北,アジア,東アジア,研究
映画,学,論文,具体,映像,分析,議論
授業,ロシア,語,学術,文献,講読
韓国,語,初級,レベル,習得,者,ため,韓国,語,読解
高度,情報,化,現在,統計,情報処理,人文,科学,多く,分野,不可欠,世論,調査,数値,データ,統計,方法,処理,結果,解析,手法,社会,現象,アプローチ,ひとつ,頻繁,これ,逆,数値,データ,現象,数理,モデル,化,モデル,シミュレーション,実行,現象,機構,明らか,現象,行方,推測,アプローチ,講義,適当,例,二つ,アプローチ,解析,統計,情報処理,テクニック,有効,性,限界,理解
二,次,世界,大戦,契機,世界,美術,中心,パリ,ニューヨーク,冷戦,終結,共産,圏,途上,国,出身,作家,活躍,現代,アート,論,モダン,アート,起源,グローバル,化,21,世紀,アート,シーン,多岐,トピック,講義
国際,安全,保障,学,基本,概念,思考,方法,関連,理解,これ,国際,安全,保障,学,先進,国,中心,発想,限界,冷戦,後,新興,･,途上,国,地域,国内,紛争,テロリズム,頻度,発生,武力,紛争,形態,国際,関係,論,国際,安全,保障,学,それら,紛争,視点,十分,三,クオーター,国際,安全,保障,学,リアリズム,勢力,均衡,論,主,検討,四,クオーター,勢力,均衡,論,代替,理論,検討
ナオミ,クラ,イン,これ,全て,ボヌイユ,フレソッズ,人,世,軸,現代,科学,技術,考察,ポスト,３,１,１,イノベーション,モデル,テクノ,文明,論,検討,あらた,シュンペーター,結合,期待,今期,テクノ,文明,論,観点,イノベーション,研究,多角,検討,歴史,概観,なか,ヨーロッパ,アメリカ,モデル,革命,リボルーション,モデル,日本,技術,革新,イノベーション,モデル,対比,いくつ,技術,事例,江戸,期,幕末,明治,前後,期,昭和,期,それぞれ,イノベーション,実態,明らか,日本,原子力,技術,典型,イノベーション,あり方,効用,限界,ポスト,３,１,１,さまざま,イノベーション,モデル,スマグリ,エコ,リサ,シェール,テクノ・カルスタ,手法,分析,イノベーション,論,現代,意味
China,Mao,Era,This,course,provides,introduction,political,social,history,China,rule,Mao,Zedong,Particular,emphasis,given,dynamic,",",rather,static,",",understanding,China,recent,past,Students,learn,changes,state,structures,policies,",",also,transformation,social,structures,individual,lives,land,reform,socialist,transformation,1950,",",mass,political,movements,Mao,era,",",Great,Leap,Forward,Cultural,Revolution,profound,impacts,Chinese,society,",",brought,social,tensions,conflicts,powerful,party,-,state,also,adapted,social,changes,strains,",",transforming,suit,new,realities,This,course,focused,interactions,state,social,forces
演習,文化,人類,学,多様,文献,資料,購読,分担,担当,者,発表,内容,議論,議論,提示,意見,さ,理解
演習,文化,人類,学,多様,文献,資料,購読,分担,担当,者,発表,内容,議論,議論,提示,意見,さ,理解
講義,国際,協力,開発,援助,現象,多角,ため,材料,提供,目的,近代,化,ひとつ,顕著,特徴,国際,協力,開発,援助,社会,経済,人権,外交,等,側面,地球,隅々,影響,講義,JICA,関西,全面,協力,アフリカ,大陸,中心,実施,開発,援助,取り組み,分野,紹介,現象,国際,協力,開発,援助,認識,手,がかり
aim,course,introduce,students,main,social,cultural,questions,affecting,European,space,Instead,approaching,EU,idea,political,project,",",start,broader,exploration,Europe,–,complex,heterogeneous,construct,",",unstable,shifting,entity,EU,partial,phenomenon,-,looking,concrete,social,problems,challenging,societies,different,levels,:,local,",",national,",",regional,Issues,class,",",ethnicity,",",gender,",",sexuality,",",disability,",",poverty,",",wealth,",",health,",",housing,analyzed,according,tendency,social,sciences,especially,ethnographic,methods,anthropology,sociology,observe,analyze,real,people,everyday,lives
アメリカ合衆国,人種,性,民族,性,特徴,そこ,文化,接触,ハイブリッド,文化,授業,白人,黒人,交流,生成,発展,アメリカ,文化,様相,19,世紀,21,世紀,文学,作品,焦点,概観
STS,原発,バイオテクノロジー,読書,マラソン,徹底的,情報,収集
EU,統合,事象,中心,国際,関係,論,思考,枠組み,理解,基礎,視野,身,移民,難民,問題,重要,柱
aim,course,introduce,students,main,social,cultural,questions,affecting,European,space,Instead,approaching,EU,idea,political,project,",",start,broader,exploration,Europe,–,complex,heterogeneous,construct,",",unstable,shifting,entity,EU,partial,phenomenon,-,looking,concrete,social,problems,challenging,societies,different,levels,:,local,",",national,",",regional,Issues,class,",",ethnicity,",",gender,",",sexuality,",",disability,",",poverty,",",wealth,",",health,",",housing,analyzed,according,tendency,social,sciences,especially,ethnographic,methods,anthropology,sociology,observe,analyze,real,people,everyday,lives
ユーラシア,地域,国際,情勢,日本,政策,検討,近年,中国,一帯,一路,政策,国家,対応,模索,プロジェクト,日本,ロシア,中国,中央アジア,中東,地域,動き,事実,一帯,一路,政策,日本,政府,対応
今日,資本,主義,変容,統治,問題,情報,化,グローバル,化,キーワード,今日,資本,主義,18,世紀,以来,古典,資本,主義,際,問題,経済,次元,限定,政治,市場,人間,そのもの,管理,統治,思想,関連,留意
地球,住,むひとびとが,文化,さまざま,側面,民族,誌,手がかり
STS,原発,バイオテクノロジー,読書,マラソン,徹底的,情報,収集
STS,原発,バイオテクノロジー,読書,マラソン,徹底的,情報,収集
ユーラシア,地域,国際,情勢,日本,政策,検討,近年,中国,一帯,一路,政策,国家,対応,模索,プロジェクト,日本,ロシア,中国,中央アジア,中東,地域,動き,事実,一帯,一路,政策,日本,政府,対応
地球,住,むひとびとが,文化,さまざま,側面,民族,誌,手がかり
映像,写真,アート,広告,現代,メディア,表象,現在,私,たち,日常,それら,イメージ,それら,視覚,情報,私,たち,意識,影響,私,たち,考え方,行動,うち,授業,映像,イメージ,力,批判,考察
映像,写真,アート,広告,現代,メディア,表象,現在,私,たち,日常,それら,イメージ,それら,視覚,情報,私,たち,意識,影響,私,たち,考え方,行動,うち,授業,映像,イメージ,力,批判,考察

ultimate,goal,course,improve,students,abilities,write,English,manner,appropriate,academic,discourse,A,critical,aspect,course,students,read,summarize,information,various,sources,objective,manner,provide,thoughtful,opinions,logically,organized,reasoned,manner,English
言葉,大切,発音,基本,会話,能力,身,目標
コース,ＥＵ,エキスパート,人材,養成,プログラム,KUPES,履修,学部,３,年生,欧州,諸国,出身,留学生,欧州,関心,留学生,対象,欧州,日本,文化,経済,政治,様々,問題,比較,視点,探求
アート,マネジメント,芸術,社会,ため,技法,芸術,文化,人間,性,コミュニケーション,力,コミュニティ,活性,化,講義,アート,マネジメント,理念,方法,理論,実践
日本,映画,歴史,映画,学,分析,基礎,黎明,期,主,1960,年代,日本,映画,歴史,解説,映画,学,分析,方法,基礎,現代,私,たち,映像,文化,批判,技術,身
前半,フランス,文学,中,恋,フランス,文学,登場,有名,作家,作品,作家,自身,恋愛,作品,影響,作中,人物,恋,読者,インパクト,作品,社会,文化,背景,明らか,作家,ジェンダー,作品,影響,考察,後半,文学,フランス,近代,18,世紀,20,世紀,フランス,傑作,小説,中,登場,人物,像,運命,考察,近代,フランス,社会,諸相,問題,点,明らか
国内外,美術館,･,博物館,展示,歴史,インスタレーション,パフォーマンス,さまざま,芸術,表現,形式,理解,現代,展示,意味,近隣,美術館,展示,見学,後,架空,展示,プラン,独自,発想,実践,学芸,員,スキル,身
ultimate,goal,course,improve,students,abilities,communicate,English,real,world,situations,topics,personal,interest
言葉,大切,発音,基本,会話,能力,身,目標
言語,客観,方法,分析,方法,それら,言語,現象,分析
イギリス,中心,近代,ヨーロッパ,風景,表象,文化,背景,分析,それ,人間,自然,関係,現代,意味,現代,世界,場所,喪失,現代,風景,没,場所,性
東南アジア,人々,一つ,彼ら,生活,行動,考え方,中,伝統,宗教,ビルマ,タイ,ラオス,カンボジア,ベトナム,東南アジア,大陸,部,国々,仏教,インドネシア,マレーシア,島嶼,部,国々,イスラーム,フィリピン,東ティモール,カトリック,東南アジア,以外,地域,誕生,世界,宗教,地域,根,歴史,経験,人々,講義,東南アジア,地域,歴史,重層,宗教,受容,検討,伝統,宗教,実践,論理,現代,政治,社会,運動,展開,スピリチュアリティ,役割,考察
東南アジア,日本,はじめ,世界,歴史,現在,問題,植民,地,支配,ナショナリズム,経済,開発,環境,問題,人々,暮らし,価値,観,社会,文化,変容,イスラーム,宗教,信仰,国家,企業,ＮＧＯ,あり方
東南アジア,日本,はじめ,世界,歴史,現在,問題,植民,地,支配,ナショナリズム,経済,開発,環境,問題,人々,暮らし,価値,観,社会,文化,変容,イスラーム,宗教,信仰,国家,企業,ＮＧＯ,あり方
授業,学生,アカデミックスキル,語彙,育成,コミュニケーション,能力,向上,海外,大学,留学,英語,活動,際,必要,TOEFL,/,IELTS,スコア,向上,目的,授業,終了,時,自信,英語,理解,英語,使用,コミュニケーション,期待
Improving,communication,TOEFL,book,usage,language,use,class
TOEFL,Seminar,Fall,Semester,intended,students,improve,English,TOEFL,test
授業,英語,文章,コーパス,使用,ライティング,練習,リーディング,英文,書き方,学習,ライティング,構築,ため,記事,エッセイ,オンライン,コーパス,使用,方法,学生,自身,語彙,文法,語法,疑問,答え,コーパス,生,テクスト,規模,検索,データベース,新聞,雑誌,記事,・,本,講義,会話,英語,自然,使用,促進,役割
ultimate,goal,course,improve,students,abilities,communicate,English,real,world,situations,topics,personal,interest
授業,英語,文章,コーパス,使用,ライティング,練習,リーディング,英文,書き方,学習,ライティング,構築,ため,記事,エッセイ,オンライン,コーパス,使用,方法,学生,自身,語彙,文法,語法,疑問,答え,コーパス,生,テクスト,規模,検索,データベース,新聞,雑誌,記事,・,本,講義,会話,英語,自然,使用,促進,役割
授業,英語,文章,コーパス,使用,ライティング,練習,リーディング,英文,書き方,学習,ライティング,構築,ため,記事,エッセイ,オンライン,コーパス,使用,方法,学生,自身,語彙,文法,語法,疑問,答え,コーパス,生,テクスト,規模,検索,データベース,新聞,雑誌,記事,・,本,講義,会話,英語,自然,使用,促進,役割
ultimate,goal,course,improve,students,abilities,communicate,English,real,world,situations,topics,personal,interest
